-- phpMyAdmin SQL Dump
-- version 4.1.14
-- http://www.phpmyadmin.net
--
-- Host: 127.0.0.1
-- Generation Time: 23 Wrz 2016, 12:03
-- Server version: 5.6.17
-- PHP Version: 5.5.12

SET SQL_MODE = "NO_AUTO_VALUE_ON_ZERO";
SET time_zone = "+00:00";


/*!40101 SET @OLD_CHARACTER_SET_CLIENT=@@CHARACTER_SET_CLIENT */;
/*!40101 SET @OLD_CHARACTER_SET_RESULTS=@@CHARACTER_SET_RESULTS */;
/*!40101 SET @OLD_COLLATION_CONNECTION=@@COLLATION_CONNECTION */;
/*!40101 SET NAMES utf8 */;

--
-- Database: `ankietka_beta`
--

-- --------------------------------------------------------

--
-- Struktura tabeli dla tabeli `ankieta`
--

DROP TABLE IF EXISTS `ankieta`;
CREATE TABLE IF NOT EXISTS `ankieta` (
  `id` int(11) NOT NULL AUTO_INCREMENT,
  `id_skorka` int(11) NOT NULL,
  `id_styl` int(11) NOT NULL DEFAULT '0',
  `country` char(2) COLLATE utf8_polish_ci NOT NULL DEFAULT 'pl',
  `tytul` text COLLATE utf8_polish_ci NOT NULL,
  `tytul_wew` text COLLATE utf8_polish_ci NOT NULL,
  `id_konto` int(11) NOT NULL DEFAULT '0',
  `id_manager` int(11) NOT NULL,
  `konto` enum('standard','premium','biznes','enterprise','vip','inclick') COLLATE utf8_polish_ci NOT NULL DEFAULT 'standard',
  `title_url` text COLLATE utf8_polish_ci NOT NULL,
  `opis` text COLLATE utf8_polish_ci NOT NULL,
  `data_stworzenia` datetime NOT NULL DEFAULT '0000-00-00 00:00:00',
  `data_publikacji` datetime DEFAULT NULL,
  `data_zakonczenia` datetime DEFAULT NULL,
  `data_modyfikacji` datetime DEFAULT NULL,
  `data_archiwizacji` datetime DEFAULT NULL,
  `data_usuniecia` datetime DEFAULT NULL,
  `ilosc_wypelnien` int(11) NOT NULL,
  `ilosc_wypelnien_cache` int(11) NOT NULL,
  `ilosc_komentarzy` int(11) NOT NULL,
  `export_offset` int(11) NOT NULL DEFAULT '0',
  `export_offset_xls` int(11) NOT NULL DEFAULT '0',
  `wyswietlen` int(11) NOT NULL,
  `status` smallint(2) NOT NULL DEFAULT '0',
  `jezyk` char(7) COLLATE utf8_polish_ci NOT NULL,
  `bezpieczenstwo` smallint(2) NOT NULL DEFAULT '0',
  `kategoria_biznes` tinyint(4) NOT NULL,
  `kategoria` tinyint(1) NOT NULL DEFAULT '0',
  `anonimowa` tinyint(1) NOT NULL,
  `jednorazowe` tinyint(1) NOT NULL DEFAULT '1',
  `token_termin` tinyint(1) NOT NULL DEFAULT '0',
  `token_termin_dni` int(11) DEFAULT NULL,
  `sg` tinyint(1) NOT NULL,
  `podziekowanie` text COLLATE utf8_polish_ci NOT NULL,
  `screenout` text COLLATE utf8_polish_ci,
  `screenout_url` varchar(255) COLLATE utf8_polish_ci DEFAULT NULL,
  `token_termin_tekst` text COLLATE utf8_polish_ci,
  `haslo` varchar(10) COLLATE utf8_polish_ci DEFAULT NULL,
  `rodzaj` tinyint(1) NOT NULL,
  `giodo` tinyint(1) NOT NULL DEFAULT '0',
  `wyniki_publiczne` tinyint(1) DEFAULT '0',
  `wiele_wypelnien` tinyint(1) NOT NULL DEFAULT '0',
  `powiadom` tinyint(1) NOT NULL,
  `powiadom_mail` varchar(255) COLLATE utf8_polish_ci DEFAULT NULL,
  `komentarze` tinyint(1) NOT NULL,
  `zgoda_sg` tinyint(1) NOT NULL DEFAULT '0',
  `serwisy_spol` tinyint(1) NOT NULL DEFAULT '1',
  `weryf_wypelnienia` tinyint(1) NOT NULL DEFAULT '0',
  `wynik_testu` tinyint(1) NOT NULL,
  `informacja_zwrotna` tinyint(1) NOT NULL DEFAULT '0',
  `integracja_ga` tinyint(1) NOT NULL DEFAULT '0',
  `integracja_sm` tinyint(1) NOT NULL DEFAULT '0',
  `tagi_sm` varchar(255) COLLATE utf8_polish_ci DEFAULT '',
  `ukryj_email_sm` tinyint(1) NOT NULL DEFAULT '0',
  `download` tinyint(1) NOT NULL DEFAULT '0',
  `download_feedback` tinyint(1) NOT NULL DEFAULT '0',
  `download_result` tinyint(1) NOT NULL DEFAULT '0',
  `download_points` tinyint(1) NOT NULL DEFAULT '0',
  `kontakt_z_autorem` tinyint(1) NOT NULL DEFAULT '1',
  `numery_pytan` tinyint(1) NOT NULL DEFAULT '1',
  `pasek_postepu` tinyint(1) NOT NULL DEFAULT '0',
  `single_mobile` tinyint(1) NOT NULL DEFAULT '1',
  `odkladana` tinyint(1) NOT NULL DEFAULT '0',
  `wstecz` tinyint(1) NOT NULL DEFAULT '0',
  `hinty` tinyint(1) NOT NULL DEFAULT '1',
  `kwoty` tinyint(4) NOT NULL DEFAULT '0',
  `losowanie_stron` tinyint(1) NOT NULL DEFAULT '0',
  `losowanie_stron_opt` tinyint(4) NOT NULL DEFAULT '0',
  `losowanie_ile` int(11) NOT NULL DEFAULT '0',
  `losowanie_od` int(4) DEFAULT NULL,
  `losowanie_do` int(4) DEFAULT NULL,
  `limit_czasu` int(11) DEFAULT NULL,
  `limit_czasu_strony` tinyint(1) DEFAULT '0',
  `limit_czasu_tresc` varchar(255) COLLATE utf8_polish_ci DEFAULT NULL,
  `limit_czasu_od` int(4) DEFAULT NULL,
  `limit_czasu_do` int(4) DEFAULT NULL,
  `limit_czasu_opt` tinyint(1) NOT NULL DEFAULT '0',
  `szablon` tinyint(1) NOT NULL DEFAULT '0',
  `indeksowalna` tinyint(1) NOT NULL DEFAULT '1',
  `zaindeksowana` tinyint(1) NOT NULL DEFAULT '0',
  `zamrozona` tinyint(1) NOT NULL DEFAULT '0',
  `archiwum` tinyint(1) NOT NULL DEFAULT '0',
  `usunieto` tinyint(1) NOT NULL DEFAULT '0',
  `po_wypelnieniu` smallint(2) NOT NULL DEFAULT '0',
  `id_ankieta_cel` int(11) DEFAULT NULL,
  `przekierowanie` varchar(255) COLLATE utf8_polish_ci DEFAULT NULL,
  `zgoda_na_wykorzystanie` tinyint(4) NOT NULL DEFAULT '0',
  `faworyt` tinyint(1) NOT NULL,
  `biznes` tinyint(1) NOT NULL DEFAULT '0',
  `limit_wypelnien` int(11) DEFAULT NULL,
  `data_waznosci` date DEFAULT NULL,
  `data_waznosci_time` char(5) COLLATE utf8_polish_ci DEFAULT NULL,
  `data_rozpoczecia` date DEFAULT NULL,
  `data_rozpoczecia_time` char(5) COLLATE utf8_polish_ci DEFAULT NULL,
  `wyniki_zarchiwizowane` tinyint(4) NOT NULL DEFAULT '0',
  `style` text COLLATE utf8_polish_ci,
  `script` text COLLATE utf8_polish_ci,
  `head` text COLLATE utf8_polish_ci NOT NULL,
  `buttons` text COLLATE utf8_polish_ci NOT NULL,
  `pozycja` enum('left','right','center','l','p','c') COLLATE utf8_polish_ci NOT NULL,
  `szerokosc` tinytext COLLATE utf8_polish_ci,
  `wysokosc` int(11) DEFAULT NULL,
  `stan_poczatkowy` enum('hidden','sample','open') COLLATE utf8_polish_ci DEFAULT NULL,
  `kiedy_start` enum('load','close','time','off') COLLATE utf8_polish_ci DEFAULT 'off',
  `start_po` int(11) DEFAULT NULL,
  `capping` smallint(6) DEFAULT NULL,
  `zamknij_po_wyp` tinyint(1) DEFAULT NULL,
  `zamknij_po_krzyz` tinyint(1) DEFAULT NULL,
  `anchor` tinyint(1) NOT NULL DEFAULT '0',
  `kontynuacja` enum('incard','infacebox') COLLATE utf8_polish_ci DEFAULT NULL,
  `facebox_wys` int(11) DEFAULT NULL,
  `facebox_szer` int(11) DEFAULT NULL,
  `respondenci_archive` int(1) NOT NULL DEFAULT '0',
  `process` tinyint(4) NOT NULL DEFAULT '0',
  `active_alerts` tinyint(4) NOT NULL DEFAULT '0',
  `mobile` tinyint(1) NOT NULL DEFAULT '0',
  `position2` enum('top','center','bottom') COLLATE utf8_polish_ci NOT NULL DEFAULT 'bottom',
  `distance` int(11) DEFAULT '20',
  `distance2` int(11) DEFAULT '20',
  `random_position` tinyint(4) DEFAULT '0',
  `random_position2` tinyint(4) DEFAULT '0',
  PRIMARY KEY (`id`),
  KEY `id_konto` (`id_konto`),
  KEY `kiedy` (`data_stworzenia`),
  KEY `sg` (`sg`),
  KEY `biznes` (`biznes`),
  KEY `status` (`status`,`bezpieczenstwo`),
  KEY `zgoda_na_wykorzystanie` (`zgoda_na_wykorzystanie`),
  KEY `zaindeksowana` (`zaindeksowana`),
  KEY `usunieto` (`usunieto`),
  KEY `id_manager` (`id_manager`),
  KEY `country` (`country`),
  KEY `kategoria_biznes` (`kategoria_biznes`),
  KEY `archiwum` (`archiwum`),
  FULLTEXT KEY `tytul` (`tytul`)
) ENGINE=MyISAM  DEFAULT CHARSET=utf8 COLLATE=utf8_polish_ci AUTO_INCREMENT=161775 ;

--
-- Zrzut danych tabeli `ankieta`
--

INSERT INTO `ankieta` (`id`, `id_skorka`, `id_styl`, `country`, `tytul`, `tytul_wew`, `id_konto`, `id_manager`, `konto`, `title_url`, `opis`, `data_stworzenia`, `data_publikacji`, `data_zakonczenia`, `data_modyfikacji`, `data_archiwizacji`, `data_usuniecia`, `ilosc_wypelnien`, `ilosc_wypelnien_cache`, `ilosc_komentarzy`, `export_offset`, `export_offset_xls`, `wyswietlen`, `status`, `jezyk`, `bezpieczenstwo`, `kategoria_biznes`, `kategoria`, `anonimowa`, `jednorazowe`, `token_termin`, `token_termin_dni`, `sg`, `podziekowanie`, `screenout`, `screenout_url`, `token_termin_tekst`, `haslo`, `rodzaj`, `giodo`, `wyniki_publiczne`, `wiele_wypelnien`, `powiadom`, `powiadom_mail`, `komentarze`, `zgoda_sg`, `serwisy_spol`, `weryf_wypelnienia`, `wynik_testu`, `informacja_zwrotna`, `integracja_ga`, `integracja_sm`, `tagi_sm`, `ukryj_email_sm`, `download`, `download_feedback`, `download_result`, `download_points`, `kontakt_z_autorem`, `numery_pytan`, `pasek_postepu`, `single_mobile`, `odkladana`, `wstecz`, `hinty`, `kwoty`, `losowanie_stron`, `losowanie_stron_opt`, `losowanie_ile`, `losowanie_od`, `losowanie_do`, `limit_czasu`, `limit_czasu_strony`, `limit_czasu_tresc`, `limit_czasu_od`, `limit_czasu_do`, `limit_czasu_opt`, `szablon`, `indeksowalna`, `zaindeksowana`, `zamrozona`, `archiwum`, `usunieto`, `po_wypelnieniu`, `id_ankieta_cel`, `przekierowanie`, `zgoda_na_wykorzystanie`, `faworyt`, `biznes`, `limit_wypelnien`, `data_waznosci`, `data_waznosci_time`, `data_rozpoczecia`, `data_rozpoczecia_time`, `wyniki_zarchiwizowane`, `style`, `script`, `head`, `buttons`, `pozycja`, `szerokosc`, `wysokosc`, `stan_poczatkowy`, `kiedy_start`, `start_po`, `capping`, `zamknij_po_wyp`, `zamknij_po_krzyz`, `anchor`, `kontynuacja`, `facebox_wys`, `facebox_szer`, `respondenci_archive`, `process`, `active_alerts`, `mobile`, `position2`, `distance`, `distance2`, `random_position`, `random_position2`) VALUES
(1, 0, 0, 'pl', 'Tytul1', 'Tytul1', 0, 0, 'standard', '', '', '0000-00-00 00:00:00', NULL, NULL, NULL, NULL, NULL, 1, 1, 0, 0, 0, 0, 0, '', 0, 0, 0, 0, 1, 0, NULL, 0, '', NULL, NULL, NULL, NULL, 0, 0, 0, 0, 0, NULL, 0, 0, 1, 0, 0, 0, 0, 0, '', 0, 0, 0, 0, 0, 1, 1, 0, 1, 0, 0, 1, 0, 0, 0, 0, NULL, NULL, NULL, 0, NULL, NULL, NULL, 0, 0, 1, 0, 0, 0, 0, 0, NULL, NULL, 0, 0, 0, NULL, NULL, NULL, NULL, NULL, 0, NULL, NULL, '', '', '', NULL, NULL, NULL, 'off', NULL, NULL, NULL, NULL, 0, NULL, NULL, NULL, 0, 0, 0, 0, 'bottom', 20, 20, 0, 0),
(2, 0, 0, 'pl', 'Tytul2', 'Tytul2', 0, 0, 'standard', '', '', '0000-00-00 00:00:00', NULL, NULL, NULL, NULL, NULL, 2, 2, 0, 0, 0, 0, 0, '', 0, 0, 0, 0, 1, 0, NULL, 0, '', NULL, NULL, NULL, NULL, 0, 0, 0, 0, 0, NULL, 0, 0, 1, 0, 0, 0, 0, 0, '', 0, 0, 0, 0, 0, 1, 1, 0, 1, 0, 0, 1, 0, 0, 0, 0, NULL, NULL, NULL, 0, NULL, NULL, NULL, 0, 0, 1, 0, 0, 0, 0, 0, NULL, NULL, 0, 0, 0, NULL, NULL, NULL, NULL, NULL, 0, NULL, NULL, '', '', '', NULL, NULL, NULL, 'off', NULL, NULL, NULL, NULL, 0, NULL, NULL, NULL, 0, 0, 0, 0, 'bottom', 20, 20, 0, 0);

-- --------------------------------------------------------

--
-- Struktura tabeli dla tabeli `log`
--

DROP TABLE IF EXISTS `log`;
CREATE TABLE IF NOT EXISTS `log` (
  `id` int(11) NOT NULL AUTO_INCREMENT,
  `data_rozpoczecia` datetime NOT NULL DEFAULT '0000-00-00 00:00:00',
  `data_zakonczenia` datetime DEFAULT NULL,
  `data_startu` datetime DEFAULT NULL,
  `data_kontaktu` datetime DEFAULT NULL,
  `data_usuniecia` datetime DEFAULT NULL,
  `data_odlozenia` datetime DEFAULT NULL,
  `data_aktualizacji` datetime DEFAULT NULL,
  `czas_sesji` int(11) NOT NULL DEFAULT '0',
  `czas_trwania` int(11) DEFAULT NULL,
  `id_ankieta` int(11) NOT NULL DEFAULT '0',
  `id_respondent` int(11) DEFAULT NULL,
  `id_strona` int(11) NOT NULL,
  `id_log` int(11) NOT NULL DEFAULT '0',
  `id_log_org` int(11) NOT NULL DEFAULT '0',
  `invalid` tinyint(1) NOT NULL DEFAULT '0',
  `timeout` tinyint(1) NOT NULL DEFAULT '0',
  `odlozone` tinyint(1) NOT NULL,
  `zakwalifikowany` tinyint(1) NOT NULL DEFAULT '0',
  `ganalytics` tinyint(1) NOT NULL DEFAULT '0',
  `auth_key` char(32) COLLATE utf8_polish_ci DEFAULT NULL,
  `verify_key` char(8) COLLATE utf8_polish_ci DEFAULT NULL,
  `smclientid` varchar(40) COLLATE utf8_polish_ci DEFAULT NULL,
  `respondent_key` char(32) COLLATE utf8_polish_ci DEFAULT NULL,
  `external_key` varchar(32) COLLATE utf8_polish_ci DEFAULT NULL,
  `user_token` varchar(32) COLLATE utf8_polish_ci DEFAULT NULL,
  `testowe` tinyint(1) NOT NULL DEFAULT '0',
  `mobile` tinyint(1) NOT NULL DEFAULT '0',
  `niedokonczone` tinyint(1) NOT NULL DEFAULT '0',
  `ponowne` tinyint(1) NOT NULL DEFAULT '0',
  `screenout` tinyint(1) NOT NULL DEFAULT '0',
  `usunieto` tinyint(1) NOT NULL DEFAULT '0',
  `kolejnosc` text COLLATE utf8_polish_ci,
  `sciezka` text COLLATE utf8_polish_ci,
  `miedzyczas` text COLLATE utf8_polish_ci,
  `ip` char(15) COLLATE utf8_polish_ci DEFAULT NULL,
  `referer` varchar(255) COLLATE utf8_polish_ci DEFAULT NULL,
  `user_agent` varchar(255) COLLATE utf8_polish_ci DEFAULT NULL,
  `ganalytics_cookies` text COLLATE utf8_polish_ci NOT NULL,
  `from_widget` tinyint(1) NOT NULL DEFAULT '0',
  PRIMARY KEY (`id`),
  KEY `id_ankieta` (`id_ankieta`),
  KEY `id_token` (`id_respondent`),
  KEY `odlozone` (`odlozone`),
  KEY `testowe` (`testowe`),
  KEY `data_rozpoczecia` (`data_rozpoczecia`),
  KEY `verify_key` (`id_ankieta`,`verify_key`),
  KEY `usunieto` (`usunieto`),
  KEY `id_log` (`id_log`),
  KEY `id_log_org` (`id_log_org`),
  KEY `ganalytics` (`ganalytics`),
  KEY `niedokonczone_2` (`niedokonczone`)
) ENGINE=MyISAM  DEFAULT CHARSET=utf8 COLLATE=utf8_polish_ci AUTO_INCREMENT=22639570 ;

--
-- Zrzut danych tabeli `log`
--

INSERT INTO `log` (`id`, `data_rozpoczecia`, `data_zakonczenia`, `data_startu`, `data_kontaktu`, `data_usuniecia`, `data_odlozenia`, `data_aktualizacji`, `czas_sesji`, `czas_trwania`, `id_ankieta`, `id_respondent`, `id_strona`, `id_log`, `id_log_org`, `invalid`, `timeout`, `odlozone`, `zakwalifikowany`, `ganalytics`, `auth_key`, `verify_key`, `smclientid`, `respondent_key`, `external_key`, `user_token`, `testowe`, `mobile`, `niedokonczone`, `ponowne`, `screenout`, `usunieto`, `kolejnosc`, `sciezka`, `miedzyczas`, `ip`, `referer`, `user_agent`, `ganalytics_cookies`, `from_widget`) VALUES
(1, '0000-00-00 00:00:00', NULL, NULL, NULL, NULL, NULL, NULL, 0, NULL, 1, 1, 1, 0, 0, 0, 0, 0, 0, 0, NULL, NULL, NULL, NULL, NULL, NULL, 0, 0, 0, 0, 0, 0, NULL, NULL, NULL, NULL, NULL, NULL, '', 0),
(2, '0000-00-00 00:00:00', NULL, NULL, NULL, NULL, NULL, NULL, 0, NULL, 2, 2, 2, 0, 0, 0, 0, 0, 0, 0, NULL, NULL, NULL, NULL, NULL, NULL, 0, 0, 0, 0, 0, 0, NULL, NULL, NULL, NULL, NULL, NULL, '', 0),
(3, '0000-00-00 00:00:00', NULL, NULL, NULL, NULL, NULL, NULL, 0, NULL, 2, 3, 3, 0, 0, 0, 0, 0, 0, 0, NULL, NULL, NULL, NULL, NULL, NULL, 0, 0, 0, 0, 0, 0, NULL, NULL, NULL, NULL, NULL, NULL, '', 0);

-- --------------------------------------------------------

--
-- Struktura tabeli dla tabeli `pytanie`
--

DROP TABLE IF EXISTS `pytanie`;
CREATE TABLE IF NOT EXISTS `pytanie` (
  `id` int(11) NOT NULL AUTO_INCREMENT,
  `id_ankieta` int(11) NOT NULL DEFAULT '0',
  `id_strona` int(11) NOT NULL,
  `order` int(11) NOT NULL,
  `numer` int(11) NOT NULL DEFAULT '0',
  `tresc` text COLLATE utf8_polish_ci NOT NULL,
  `opis` text COLLATE utf8_polish_ci NOT NULL,
  `tip` varchar(200) COLLATE utf8_polish_ci DEFAULT NULL,
  `min` int(11) DEFAULT NULL,
  `max` int(11) DEFAULT NULL,
  `integer` tinyint(1) NOT NULL DEFAULT '0',
  `neutral` int(11) DEFAULT NULL,
  `zakotwiczone` int(11) DEFAULT NULL,
  `zakotwiczone_opt` varchar(100) COLLATE utf8_polish_ci DEFAULT NULL,
  `typ` int(1) NOT NULL DEFAULT '0',
  `obowiazkowe` tinyint(1) NOT NULL DEFAULT '1',
  `obowiazkowe_inne` tinyint(1) NOT NULL DEFAULT '1',
  `losowo` tinyint(1) NOT NULL,
  `losowo_kolumny` tinyint(1) NOT NULL DEFAULT '0',
  `blokada_los` int(11) NOT NULL,
  `blokada_wyp` int(11) NOT NULL,
  `poziomo` tinyint(1) NOT NULL,
  `schowane_inputy` tinyint(1) NOT NULL DEFAULT '0',
  `dlugi_text` tinyint(1) NOT NULL,
  `ile_odp` int(1) NOT NULL DEFAULT '0',
  `options` varchar(300) COLLATE utf8_polish_ci DEFAULT NULL,
  `data_dodania` datetime NOT NULL,
  `data_edycji` datetime DEFAULT NULL,
  `o1` text COLLATE utf8_polish_ci,
  `o2` text COLLATE utf8_polish_ci,
  `o3` text COLLATE utf8_polish_ci,
  `o4` text COLLATE utf8_polish_ci,
  `o5` text COLLATE utf8_polish_ci,
  `o6` text COLLATE utf8_polish_ci,
  `o7` text COLLATE utf8_polish_ci,
  `o8` text COLLATE utf8_polish_ci,
  `o9` text COLLATE utf8_polish_ci,
  `o10` text COLLATE utf8_polish_ci,
  `o11` text COLLATE utf8_polish_ci,
  `o12` text COLLATE utf8_polish_ci,
  `o13` text COLLATE utf8_polish_ci,
  `o14` text COLLATE utf8_polish_ci,
  `o15` text COLLATE utf8_polish_ci,
  `o16` text COLLATE utf8_polish_ci,
  `o17` text COLLATE utf8_polish_ci,
  `o18` text COLLATE utf8_polish_ci,
  `o19` text COLLATE utf8_polish_ci,
  `o20` text COLLATE utf8_polish_ci,
  `o21` text COLLATE utf8_polish_ci,
  `o22` text COLLATE utf8_polish_ci,
  `o23` text COLLATE utf8_polish_ci,
  `o24` text COLLATE utf8_polish_ci,
  `o25` text COLLATE utf8_polish_ci,
  `o26` text COLLATE utf8_polish_ci,
  `o27` text COLLATE utf8_polish_ci,
  `o28` text COLLATE utf8_polish_ci,
  `o29` text COLLATE utf8_polish_ci,
  `o30` text COLLATE utf8_polish_ci,
  `o31` text COLLATE utf8_polish_ci,
  `o32` text COLLATE utf8_polish_ci,
  `o33` text COLLATE utf8_polish_ci,
  `o34` text COLLATE utf8_polish_ci,
  `o35` text COLLATE utf8_polish_ci,
  `o36` text COLLATE utf8_polish_ci,
  `o37` text COLLATE utf8_polish_ci,
  `o38` text COLLATE utf8_polish_ci,
  `o39` text COLLATE utf8_polish_ci,
  `o40` text COLLATE utf8_polish_ci,
  `o41` text COLLATE utf8_polish_ci,
  `o42` text COLLATE utf8_polish_ci,
  `o43` text COLLATE utf8_polish_ci,
  `o44` text COLLATE utf8_polish_ci,
  `o45` text COLLATE utf8_polish_ci,
  `o46` text COLLATE utf8_polish_ci,
  `o47` text COLLATE utf8_polish_ci,
  `o48` text COLLATE utf8_polish_ci,
  `o49` text COLLATE utf8_polish_ci,
  `o50` text COLLATE utf8_polish_ci,
  `o51` text COLLATE utf8_polish_ci,
  `o52` text COLLATE utf8_polish_ci,
  `o53` text COLLATE utf8_polish_ci,
  `o54` text COLLATE utf8_polish_ci,
  `o55` text COLLATE utf8_polish_ci,
  `o56` text COLLATE utf8_polish_ci,
  `o57` text COLLATE utf8_polish_ci,
  `o58` text COLLATE utf8_polish_ci,
  `o59` text COLLATE utf8_polish_ci,
  `o60` text COLLATE utf8_polish_ci,
  `o61` text COLLATE utf8_polish_ci,
  `o62` text COLLATE utf8_polish_ci,
  `o63` text COLLATE utf8_polish_ci,
  `o64` text COLLATE utf8_polish_ci,
  `o65` text COLLATE utf8_polish_ci,
  `o66` text COLLATE utf8_polish_ci,
  `o67` text COLLATE utf8_polish_ci,
  `o68` text COLLATE utf8_polish_ci,
  `o69` text COLLATE utf8_polish_ci,
  `o70` text COLLATE utf8_polish_ci,
  `o71` text COLLATE utf8_polish_ci,
  `o72` text COLLATE utf8_polish_ci,
  `o73` text COLLATE utf8_polish_ci,
  `o74` text COLLATE utf8_polish_ci,
  `o75` text COLLATE utf8_polish_ci,
  `o76` text COLLATE utf8_polish_ci,
  `o77` text COLLATE utf8_polish_ci,
  `o78` text COLLATE utf8_polish_ci,
  `o79` text COLLATE utf8_polish_ci,
  `o80` text COLLATE utf8_polish_ci,
  `o81` text COLLATE utf8_polish_ci,
  `o82` text COLLATE utf8_polish_ci,
  `o83` text COLLATE utf8_polish_ci,
  `o84` text COLLATE utf8_polish_ci,
  `o85` text COLLATE utf8_polish_ci,
  `o86` text COLLATE utf8_polish_ci,
  `o87` text COLLATE utf8_polish_ci,
  `o88` text COLLATE utf8_polish_ci,
  `o89` text COLLATE utf8_polish_ci,
  `o90` text COLLATE utf8_polish_ci,
  `o91` text COLLATE utf8_polish_ci,
  `o92` text COLLATE utf8_polish_ci,
  `o93` text COLLATE utf8_polish_ci,
  `o94` text COLLATE utf8_polish_ci,
  `o95` text COLLATE utf8_polish_ci,
  `o96` text COLLATE utf8_polish_ci,
  `o97` text COLLATE utf8_polish_ci,
  `o98` text COLLATE utf8_polish_ci,
  `o99` text COLLATE utf8_polish_ci,
  `o100` text COLLATE utf8_polish_ci,
  `z1` text COLLATE utf8_polish_ci,
  `z2` text COLLATE utf8_polish_ci,
  `z3` text COLLATE utf8_polish_ci,
  `z4` text COLLATE utf8_polish_ci,
  `z5` text COLLATE utf8_polish_ci,
  `z6` text COLLATE utf8_polish_ci,
  `z7` text COLLATE utf8_polish_ci,
  `z8` text COLLATE utf8_polish_ci,
  `z9` text COLLATE utf8_polish_ci,
  `z10` text COLLATE utf8_polish_ci,
  `z11` text COLLATE utf8_polish_ci,
  `z12` text COLLATE utf8_polish_ci,
  `z13` text COLLATE utf8_polish_ci,
  `z14` text COLLATE utf8_polish_ci,
  `z15` text COLLATE utf8_polish_ci,
  `zz1` tinyint(1) DEFAULT NULL,
  `zz2` tinyint(1) DEFAULT NULL,
  `zz3` tinyint(1) DEFAULT NULL,
  `zz4` tinyint(1) DEFAULT NULL,
  `zz5` tinyint(1) DEFAULT NULL,
  `zz6` tinyint(1) DEFAULT NULL,
  `zz7` tinyint(1) DEFAULT NULL,
  `zz8` tinyint(1) DEFAULT NULL,
  `zz9` tinyint(1) DEFAULT NULL,
  `zz10` tinyint(1) DEFAULT NULL,
  `zz11` tinyint(1) DEFAULT NULL,
  `zz12` tinyint(1) DEFAULT NULL,
  `zz13` tinyint(1) DEFAULT NULL,
  `zz14` tinyint(1) DEFAULT NULL,
  `zz15` tinyint(1) DEFAULT NULL,
  `oz1` tinyint(1) DEFAULT NULL,
  `oz2` tinyint(1) DEFAULT NULL,
  `oz3` tinyint(1) DEFAULT NULL,
  `oz4` tinyint(1) DEFAULT NULL,
  `oz5` tinyint(1) DEFAULT NULL,
  `oz6` tinyint(1) DEFAULT NULL,
  `oz7` tinyint(1) DEFAULT NULL,
  `oz8` tinyint(1) DEFAULT NULL,
  `oz9` tinyint(1) DEFAULT NULL,
  `oz10` tinyint(1) DEFAULT NULL,
  `oz11` tinyint(1) DEFAULT NULL,
  `oz12` tinyint(1) DEFAULT NULL,
  `oz13` tinyint(1) DEFAULT NULL,
  `oz14` tinyint(1) DEFAULT NULL,
  `oz15` tinyint(1) DEFAULT NULL,
  `oz16` tinyint(1) DEFAULT NULL,
  `oz17` tinyint(1) DEFAULT NULL,
  `oz18` tinyint(1) DEFAULT NULL,
  `oz19` tinyint(1) DEFAULT NULL,
  `oz20` tinyint(1) DEFAULT NULL,
  `oz21` tinyint(1) DEFAULT NULL,
  `oz22` tinyint(1) DEFAULT NULL,
  `oz23` tinyint(1) DEFAULT NULL,
  `oz24` tinyint(1) DEFAULT NULL,
  `oz25` tinyint(1) DEFAULT NULL,
  `oz26` tinyint(1) DEFAULT NULL,
  `oz27` tinyint(1) DEFAULT NULL,
  `oz28` tinyint(1) DEFAULT NULL,
  `oz29` tinyint(1) DEFAULT NULL,
  `oz30` tinyint(1) DEFAULT NULL,
  `oz31` tinyint(1) DEFAULT NULL,
  `oz32` tinyint(1) DEFAULT NULL,
  `oz33` tinyint(1) DEFAULT NULL,
  `oz34` tinyint(1) DEFAULT NULL,
  `oz35` tinyint(1) DEFAULT NULL,
  `oz36` tinyint(1) DEFAULT NULL,
  `oz37` tinyint(1) DEFAULT NULL,
  `oz38` tinyint(1) DEFAULT NULL,
  `oz39` tinyint(1) DEFAULT NULL,
  `oz40` tinyint(1) DEFAULT NULL,
  `oz41` tinyint(1) DEFAULT NULL,
  `oz42` tinyint(1) DEFAULT NULL,
  `oz43` tinyint(1) DEFAULT NULL,
  `oz44` tinyint(1) DEFAULT NULL,
  `oz45` tinyint(1) DEFAULT NULL,
  `oz46` tinyint(1) DEFAULT NULL,
  `oz47` tinyint(1) DEFAULT NULL,
  `oz48` tinyint(1) DEFAULT NULL,
  `oz49` tinyint(1) DEFAULT NULL,
  `oz50` tinyint(1) DEFAULT NULL,
  `oz51` tinyint(1) DEFAULT NULL,
  `oz52` tinyint(1) DEFAULT NULL,
  `oz53` tinyint(1) DEFAULT NULL,
  `oz54` tinyint(1) DEFAULT NULL,
  `oz55` tinyint(1) DEFAULT NULL,
  `oz56` tinyint(1) DEFAULT NULL,
  `oz57` tinyint(1) DEFAULT NULL,
  `oz58` tinyint(1) DEFAULT NULL,
  `oz59` tinyint(1) DEFAULT NULL,
  `oz60` tinyint(1) DEFAULT NULL,
  `oz61` tinyint(1) DEFAULT NULL,
  `oz62` tinyint(1) DEFAULT NULL,
  `oz63` tinyint(1) DEFAULT NULL,
  `oz64` tinyint(1) DEFAULT NULL,
  `oz65` tinyint(1) DEFAULT NULL,
  `oz66` tinyint(1) DEFAULT NULL,
  `oz67` tinyint(1) DEFAULT NULL,
  `oz68` tinyint(1) DEFAULT NULL,
  `oz69` tinyint(1) DEFAULT NULL,
  `oz70` tinyint(1) DEFAULT NULL,
  `oz71` tinyint(1) DEFAULT NULL,
  `oz72` tinyint(1) DEFAULT NULL,
  `oz73` tinyint(1) DEFAULT NULL,
  `oz74` tinyint(1) DEFAULT NULL,
  `oz75` tinyint(1) DEFAULT NULL,
  `oz76` tinyint(1) DEFAULT NULL,
  `oz77` tinyint(1) DEFAULT NULL,
  `oz78` tinyint(1) DEFAULT NULL,
  `oz79` tinyint(1) DEFAULT NULL,
  `oz80` tinyint(1) DEFAULT NULL,
  `oz81` tinyint(1) DEFAULT NULL,
  `oz82` tinyint(1) DEFAULT NULL,
  `oz83` tinyint(1) DEFAULT NULL,
  `oz84` tinyint(1) DEFAULT NULL,
  `oz85` tinyint(1) DEFAULT NULL,
  `oz86` tinyint(1) DEFAULT NULL,
  `oz87` tinyint(1) DEFAULT NULL,
  `oz88` tinyint(1) DEFAULT NULL,
  `oz89` tinyint(1) DEFAULT NULL,
  `oz90` tinyint(1) DEFAULT NULL,
  `oz91` tinyint(1) DEFAULT NULL,
  `oz92` tinyint(1) DEFAULT NULL,
  `oz93` tinyint(1) DEFAULT NULL,
  `oz94` tinyint(1) DEFAULT NULL,
  `oz95` tinyint(1) DEFAULT NULL,
  `oz96` tinyint(1) DEFAULT NULL,
  `oz97` tinyint(1) DEFAULT NULL,
  `oz98` tinyint(1) DEFAULT NULL,
  `oz99` tinyint(1) DEFAULT NULL,
  `oz100` tinyint(1) DEFAULT NULL,
  `usunieto` tinyint(1) NOT NULL DEFAULT '0',
  `data_usuniecia` datetime DEFAULT NULL,
  PRIMARY KEY (`id`),
  KEY `id_ankieta` (`id_ankieta`),
  KEY `usunieto` (`usunieto`),
  KEY `id_strona` (`id_strona`)
) ENGINE=MyISAM  DEFAULT CHARSET=utf8 COLLATE=utf8_polish_ci AUTO_INCREMENT=2589630 ;

--
-- Zrzut danych tabeli `pytanie`
--

INSERT INTO `pytanie` (`id`, `id_ankieta`, `id_strona`, `order`, `numer`, `tresc`, `opis`, `tip`, `min`, `max`, `integer`, `neutral`, `zakotwiczone`, `zakotwiczone_opt`, `typ`, `obowiazkowe`, `obowiazkowe_inne`, `losowo`, `losowo_kolumny`, `blokada_los`, `blokada_wyp`, `poziomo`, `schowane_inputy`, `dlugi_text`, `ile_odp`, `options`, `data_dodania`, `data_edycji`, `o1`, `o2`, `o3`, `o4`, `o5`, `o6`, `o7`, `o8`, `o9`, `o10`, `o11`, `o12`, `o13`, `o14`, `o15`, `o16`, `o17`, `o18`, `o19`, `o20`, `o21`, `o22`, `o23`, `o24`, `o25`, `o26`, `o27`, `o28`, `o29`, `o30`, `o31`, `o32`, `o33`, `o34`, `o35`, `o36`, `o37`, `o38`, `o39`, `o40`, `o41`, `o42`, `o43`, `o44`, `o45`, `o46`, `o47`, `o48`, `o49`, `o50`, `o51`, `o52`, `o53`, `o54`, `o55`, `o56`, `o57`, `o58`, `o59`, `o60`, `o61`, `o62`, `o63`, `o64`, `o65`, `o66`, `o67`, `o68`, `o69`, `o70`, `o71`, `o72`, `o73`, `o74`, `o75`, `o76`, `o77`, `o78`, `o79`, `o80`, `o81`, `o82`, `o83`, `o84`, `o85`, `o86`, `o87`, `o88`, `o89`, `o90`, `o91`, `o92`, `o93`, `o94`, `o95`, `o96`, `o97`, `o98`, `o99`, `o100`, `z1`, `z2`, `z3`, `z4`, `z5`, `z6`, `z7`, `z8`, `z9`, `z10`, `z11`, `z12`, `z13`, `z14`, `z15`, `zz1`, `zz2`, `zz3`, `zz4`, `zz5`, `zz6`, `zz7`, `zz8`, `zz9`, `zz10`, `zz11`, `zz12`, `zz13`, `zz14`, `zz15`, `oz1`, `oz2`, `oz3`, `oz4`, `oz5`, `oz6`, `oz7`, `oz8`, `oz9`, `oz10`, `oz11`, `oz12`, `oz13`, `oz14`, `oz15`, `oz16`, `oz17`, `oz18`, `oz19`, `oz20`, `oz21`, `oz22`, `oz23`, `oz24`, `oz25`, `oz26`, `oz27`, `oz28`, `oz29`, `oz30`, `oz31`, `oz32`, `oz33`, `oz34`, `oz35`, `oz36`, `oz37`, `oz38`, `oz39`, `oz40`, `oz41`, `oz42`, `oz43`, `oz44`, `oz45`, `oz46`, `oz47`, `oz48`, `oz49`, `oz50`, `oz51`, `oz52`, `oz53`, `oz54`, `oz55`, `oz56`, `oz57`, `oz58`, `oz59`, `oz60`, `oz61`, `oz62`, `oz63`, `oz64`, `oz65`, `oz66`, `oz67`, `oz68`, `oz69`, `oz70`, `oz71`, `oz72`, `oz73`, `oz74`, `oz75`, `oz76`, `oz77`, `oz78`, `oz79`, `oz80`, `oz81`, `oz82`, `oz83`, `oz84`, `oz85`, `oz86`, `oz87`, `oz88`, `oz89`, `oz90`, `oz91`, `oz92`, `oz93`, `oz94`, `oz95`, `oz96`, `oz97`, `oz98`, `oz99`, `oz100`, `usunieto`, `data_usuniecia`) VALUES
(1, 1, 1, 0, 0, 'Pytanie1', '', NULL, NULL, NULL, 0, NULL, NULL, NULL, 0, 1, 1, 0, 0, 0, 0, 0, 0, 0, 0, NULL, '0000-00-00 00:00:00', NULL, NULL, NULL, NULL, NULL, NULL, NULL, NULL, NULL, NULL, NULL, NULL, NULL, NULL, NULL, NULL, NULL, NULL, NULL, NULL, NULL, NULL, NULL, NULL, NULL, NULL, NULL, NULL, NULL, NULL, NULL, NULL, NULL, NULL, NULL, NULL, NULL, NULL, NULL, NULL, NULL, NULL, NULL, NULL, NULL, NULL, NULL, NULL, NULL, NULL, NULL, NULL, NULL, NULL, NULL, NULL, NULL, NULL, NULL, NULL, NULL, NULL, NULL, NULL, NULL, NULL, NULL, NULL, NULL, NULL, NULL, NULL, NULL, NULL, NULL, NULL, NULL, NULL, NULL, NULL, NULL, NULL, NULL, NULL, NULL, NULL, NULL, NULL, NULL, NULL, NULL, NULL, NULL, NULL, NULL, NULL, NULL, NULL, NULL, NULL, NULL, NULL, NULL, NULL, NULL, NULL, NULL, NULL, NULL, NULL, NULL, NULL, NULL, NULL, NULL, NULL, NULL, NULL, NULL, NULL, NULL, NULL, NULL, NULL, NULL, NULL, NULL, NULL, NULL, NULL, NULL, NULL, NULL, NULL, NULL, NULL, NULL, NULL, NULL, NULL, NULL, NULL, NULL, NULL, NULL, NULL, NULL, NULL, NULL, NULL, NULL, NULL, NULL, NULL, NULL, NULL, NULL, NULL, NULL, NULL, NULL, NULL, NULL, NULL, NULL, NULL, NULL, NULL, NULL, NULL, NULL, NULL, NULL, NULL, NULL, NULL, NULL, NULL, NULL, NULL, NULL, NULL, NULL, NULL, NULL, NULL, NULL, NULL, NULL, NULL, NULL, NULL, NULL, NULL, NULL, NULL, NULL, NULL, NULL, NULL, NULL, NULL, NULL, NULL, NULL, NULL, NULL, NULL, NULL, NULL, NULL, NULL, NULL, NULL, NULL, NULL, NULL, NULL, NULL, NULL, NULL, NULL, NULL, NULL, NULL, NULL, NULL, NULL, NULL, NULL, NULL, 0, NULL),
(2, 2, 2, 0, 0, 'Pytanie2', '', NULL, NULL, NULL, 0, NULL, NULL, NULL, 0, 1, 1, 0, 0, 0, 0, 0, 0, 0, 0, NULL, '0000-00-00 00:00:00', NULL, NULL, NULL, NULL, NULL, NULL, NULL, NULL, NULL, NULL, NULL, NULL, NULL, NULL, NULL, NULL, NULL, NULL, NULL, NULL, NULL, NULL, NULL, NULL, NULL, NULL, NULL, NULL, NULL, NULL, NULL, NULL, NULL, NULL, NULL, NULL, NULL, NULL, NULL, NULL, NULL, NULL, NULL, NULL, NULL, NULL, NULL, NULL, NULL, NULL, NULL, NULL, NULL, NULL, NULL, NULL, NULL, NULL, NULL, NULL, NULL, NULL, NULL, NULL, NULL, NULL, NULL, NULL, NULL, NULL, NULL, NULL, NULL, NULL, NULL, NULL, NULL, NULL, NULL, NULL, NULL, NULL, NULL, NULL, NULL, NULL, NULL, NULL, NULL, NULL, NULL, NULL, NULL, NULL, NULL, NULL, NULL, NULL, NULL, NULL, NULL, NULL, NULL, NULL, NULL, NULL, NULL, NULL, NULL, NULL, NULL, NULL, NULL, NULL, NULL, NULL, NULL, NULL, NULL, NULL, NULL, NULL, NULL, NULL, NULL, NULL, NULL, NULL, NULL, NULL, NULL, NULL, NULL, NULL, NULL, NULL, NULL, NULL, NULL, NULL, NULL, NULL, NULL, NULL, NULL, NULL, NULL, NULL, NULL, NULL, NULL, NULL, NULL, NULL, NULL, NULL, NULL, NULL, NULL, NULL, NULL, NULL, NULL, NULL, NULL, NULL, NULL, NULL, NULL, NULL, NULL, NULL, NULL, NULL, NULL, NULL, NULL, NULL, NULL, NULL, NULL, NULL, NULL, NULL, NULL, NULL, NULL, NULL, NULL, NULL, NULL, NULL, NULL, NULL, NULL, NULL, NULL, NULL, NULL, NULL, NULL, NULL, NULL, NULL, NULL, NULL, NULL, NULL, NULL, NULL, NULL, NULL, NULL, NULL, NULL, NULL, NULL, NULL, NULL, NULL, NULL, NULL, NULL, NULL, NULL, NULL, NULL, NULL, NULL, NULL, NULL, 0, NULL),
(3, 2, 3, 0, 0, 'Pytanie3', '', NULL, NULL, NULL, 0, NULL, NULL, NULL, 0, 1, 1, 0, 0, 0, 0, 0, 0, 0, 0, NULL, '0000-00-00 00:00:00', NULL, NULL, NULL, NULL, NULL, NULL, NULL, NULL, NULL, NULL, NULL, NULL, NULL, NULL, NULL, NULL, NULL, NULL, NULL, NULL, NULL, NULL, NULL, NULL, NULL, NULL, NULL, NULL, NULL, NULL, NULL, NULL, NULL, NULL, NULL, NULL, NULL, NULL, NULL, NULL, NULL, NULL, NULL, NULL, NULL, NULL, NULL, NULL, NULL, NULL, NULL, NULL, NULL, NULL, NULL, NULL, NULL, NULL, NULL, NULL, NULL, NULL, NULL, NULL, NULL, NULL, NULL, NULL, NULL, NULL, NULL, NULL, NULL, NULL, NULL, NULL, NULL, NULL, NULL, NULL, NULL, NULL, NULL, NULL, NULL, NULL, NULL, NULL, NULL, NULL, NULL, NULL, NULL, NULL, NULL, NULL, NULL, NULL, NULL, NULL, NULL, NULL, NULL, NULL, NULL, NULL, NULL, NULL, NULL, NULL, NULL, NULL, NULL, NULL, NULL, NULL, NULL, NULL, NULL, NULL, NULL, NULL, NULL, NULL, NULL, NULL, NULL, NULL, NULL, NULL, NULL, NULL, NULL, NULL, NULL, NULL, NULL, NULL, NULL, NULL, NULL, NULL, NULL, NULL, NULL, NULL, NULL, NULL, NULL, NULL, NULL, NULL, NULL, NULL, NULL, NULL, NULL, NULL, NULL, NULL, NULL, NULL, NULL, NULL, NULL, NULL, NULL, NULL, NULL, NULL, NULL, NULL, NULL, NULL, NULL, NULL, NULL, NULL, NULL, NULL, NULL, NULL, NULL, NULL, NULL, NULL, NULL, NULL, NULL, NULL, NULL, NULL, NULL, NULL, NULL, NULL, NULL, NULL, NULL, NULL, NULL, NULL, NULL, NULL, NULL, NULL, NULL, NULL, NULL, NULL, NULL, NULL, NULL, NULL, NULL, NULL, NULL, NULL, NULL, NULL, NULL, NULL, NULL, NULL, NULL, NULL, NULL, NULL, NULL, NULL, NULL, 0, NULL);

-- --------------------------------------------------------

--
-- Struktura tabeli dla tabeli `strona`
--

DROP TABLE IF EXISTS `strona`;
CREATE TABLE IF NOT EXISTS `strona` (
  `id` int(11) NOT NULL AUTO_INCREMENT,
  `id_ankieta` int(11) NOT NULL,
  `numer` int(11) NOT NULL,
  `losowo` tinyint(1) NOT NULL DEFAULT '0',
  `data_dodania` datetime DEFAULT NULL,
  `usunieto` tinyint(1) NOT NULL DEFAULT '0',
  `data_usuniecia` datetime DEFAULT NULL,
  PRIMARY KEY (`id`),
  KEY `id_ankieta` (`id_ankieta`,`usunieto`)
) ENGINE=MyISAM  DEFAULT CHARSET=utf8 COLLATE=utf8_polish_ci AUTO_INCREMENT=611285 ;

--
-- Zrzut danych tabeli `strona`
--

INSERT INTO `strona` (`id`, `id_ankieta`, `numer`, `losowo`, `data_dodania`, `usunieto`, `data_usuniecia`) VALUES
(1, 1, 1, 0, NULL, 0, NULL),
(2, 2, 1, 0, NULL, 0, NULL),
(3, 2, 2, 0, NULL, 0, NULL);

-- --------------------------------------------------------

--
-- Struktura tabeli dla tabeli `wynik`
--

DROP TABLE IF EXISTS `wynik`;
CREATE TABLE IF NOT EXISTS `wynik` (
  `id` int(11) NOT NULL AUTO_INCREMENT,
  `id_ankieta` int(11) NOT NULL DEFAULT '0',
  `id_pytanie` int(11) NOT NULL DEFAULT '0',
  `id_log` int(11) NOT NULL DEFAULT '0',
  `nr_zak` int(11) NOT NULL DEFAULT '0',
  `ile` smallint(6) NOT NULL COMMENT 'na ile podpytań udzielono odpowiedzi',
  `usunieto` tinyint(1) NOT NULL DEFAULT '0',
  `o1` smallint(4) DEFAULT NULL,
  `o2` smallint(4) DEFAULT NULL,
  `o3` smallint(4) DEFAULT NULL,
  `o4` smallint(4) DEFAULT NULL,
  `o5` smallint(4) DEFAULT NULL,
  `o6` smallint(4) DEFAULT NULL,
  `o7` smallint(4) DEFAULT NULL,
  `o8` smallint(4) DEFAULT NULL,
  `o9` smallint(4) DEFAULT NULL,
  `o10` smallint(4) DEFAULT NULL,
  `o11` smallint(4) DEFAULT NULL,
  `o12` smallint(4) DEFAULT NULL,
  `o13` smallint(4) DEFAULT NULL,
  `o14` smallint(4) DEFAULT NULL,
  `o15` smallint(4) DEFAULT NULL,
  `o16` smallint(4) DEFAULT NULL,
  `o17` smallint(4) DEFAULT NULL,
  `o18` smallint(4) DEFAULT NULL,
  `o19` smallint(4) DEFAULT NULL,
  `o20` smallint(4) DEFAULT NULL,
  `o21` smallint(4) DEFAULT NULL,
  `o22` smallint(4) DEFAULT NULL,
  `o23` smallint(4) DEFAULT NULL,
  `o24` smallint(4) DEFAULT NULL,
  `o25` smallint(4) DEFAULT NULL,
  `o26` smallint(4) DEFAULT NULL,
  `o27` smallint(4) DEFAULT NULL,
  `o28` smallint(4) DEFAULT NULL,
  `o29` smallint(4) DEFAULT NULL,
  `o30` smallint(4) DEFAULT NULL,
  `o31` smallint(4) DEFAULT NULL,
  `o32` smallint(4) DEFAULT NULL,
  `o33` smallint(4) DEFAULT NULL,
  `o34` smallint(4) DEFAULT NULL,
  `o35` smallint(4) DEFAULT NULL,
  `o36` smallint(4) DEFAULT NULL,
  `o37` smallint(4) DEFAULT NULL,
  `o38` smallint(4) DEFAULT NULL,
  `o39` smallint(4) DEFAULT NULL,
  `o40` smallint(4) DEFAULT NULL,
  `o41` smallint(4) DEFAULT NULL,
  `o42` smallint(4) DEFAULT NULL,
  `o43` smallint(4) DEFAULT NULL,
  `o44` smallint(4) DEFAULT NULL,
  `o45` smallint(4) DEFAULT NULL,
  `o46` smallint(4) DEFAULT NULL,
  `o47` smallint(4) DEFAULT NULL,
  `o48` smallint(4) DEFAULT NULL,
  `o49` smallint(4) DEFAULT NULL,
  `o50` smallint(4) DEFAULT NULL,
  `o51` smallint(4) DEFAULT NULL,
  `o52` smallint(4) DEFAULT NULL,
  `o53` smallint(4) DEFAULT NULL,
  `o54` smallint(4) DEFAULT NULL,
  `o55` smallint(4) DEFAULT NULL,
  `o56` smallint(4) DEFAULT NULL,
  `o57` smallint(4) DEFAULT NULL,
  `o58` smallint(4) DEFAULT NULL,
  `o59` smallint(4) DEFAULT NULL,
  `o60` smallint(4) DEFAULT NULL,
  `o61` smallint(4) DEFAULT NULL,
  `o62` smallint(4) DEFAULT NULL,
  `o63` smallint(4) DEFAULT NULL,
  `o64` smallint(4) DEFAULT NULL,
  `o65` smallint(4) DEFAULT NULL,
  `o66` smallint(4) DEFAULT NULL,
  `o67` smallint(4) DEFAULT NULL,
  `o68` smallint(4) DEFAULT NULL,
  `o69` smallint(4) DEFAULT NULL,
  `o70` smallint(4) DEFAULT NULL,
  `o71` smallint(4) DEFAULT NULL,
  `o72` smallint(4) DEFAULT NULL,
  `o73` smallint(4) DEFAULT NULL,
  `o74` smallint(4) DEFAULT NULL,
  `o75` smallint(4) DEFAULT NULL,
  `o76` smallint(4) DEFAULT NULL,
  `o77` smallint(4) DEFAULT NULL,
  `o78` smallint(4) DEFAULT NULL,
  `o79` smallint(4) DEFAULT NULL,
  `o80` smallint(4) DEFAULT NULL,
  `o81` smallint(4) DEFAULT NULL,
  `o82` smallint(4) DEFAULT NULL,
  `o83` smallint(4) DEFAULT NULL,
  `o84` smallint(4) DEFAULT NULL,
  `o85` smallint(4) DEFAULT NULL,
  `o86` smallint(4) DEFAULT NULL,
  `o87` smallint(4) DEFAULT NULL,
  `o88` smallint(4) DEFAULT NULL,
  `o89` smallint(4) DEFAULT NULL,
  `o90` smallint(4) DEFAULT NULL,
  `o91` smallint(4) DEFAULT NULL,
  `o92` smallint(4) DEFAULT NULL,
  `o93` smallint(4) DEFAULT NULL,
  `o94` smallint(4) DEFAULT NULL,
  `o95` smallint(4) DEFAULT NULL,
  `o96` smallint(4) DEFAULT NULL,
  `o97` smallint(4) DEFAULT NULL,
  `o98` smallint(4) DEFAULT NULL,
  `o99` smallint(4) DEFAULT NULL,
  `o100` smallint(4) DEFAULT NULL,
  `oz1` text COLLATE utf8_polish_ci,
  `oz2` text COLLATE utf8_polish_ci,
  `oz3` text COLLATE utf8_polish_ci,
  `oz4` text COLLATE utf8_polish_ci,
  `oz5` text COLLATE utf8_polish_ci,
  `oz6` text COLLATE utf8_polish_ci,
  `oz7` varchar(255) COLLATE utf8_polish_ci DEFAULT NULL,
  `oz8` varchar(255) COLLATE utf8_polish_ci DEFAULT NULL,
  `oz9` varchar(255) COLLATE utf8_polish_ci DEFAULT NULL,
  `oz10` varchar(255) COLLATE utf8_polish_ci DEFAULT NULL,
  `oz11` varchar(255) COLLATE utf8_polish_ci DEFAULT NULL,
  `oz12` varchar(255) COLLATE utf8_polish_ci DEFAULT NULL,
  `oz13` varchar(255) COLLATE utf8_polish_ci DEFAULT NULL,
  `oz14` varchar(255) COLLATE utf8_polish_ci DEFAULT NULL,
  `oz15` varchar(255) COLLATE utf8_polish_ci DEFAULT NULL,
  `oz16` varchar(255) COLLATE utf8_polish_ci DEFAULT NULL,
  `oz17` varchar(255) COLLATE utf8_polish_ci DEFAULT NULL,
  `oz18` varchar(255) COLLATE utf8_polish_ci DEFAULT NULL,
  `oz19` varchar(255) COLLATE utf8_polish_ci DEFAULT NULL,
  `oz20` varchar(255) COLLATE utf8_polish_ci DEFAULT NULL,
  `oz21` varchar(255) COLLATE utf8_polish_ci DEFAULT NULL,
  `oz22` varchar(255) COLLATE utf8_polish_ci DEFAULT NULL,
  `oz23` varchar(255) COLLATE utf8_polish_ci DEFAULT NULL,
  `oz24` varchar(255) COLLATE utf8_polish_ci DEFAULT NULL,
  `oz25` varchar(255) COLLATE utf8_polish_ci DEFAULT NULL,
  `oz26` varchar(255) COLLATE utf8_polish_ci DEFAULT NULL,
  `oz27` varchar(255) COLLATE utf8_polish_ci DEFAULT NULL,
  `oz28` varchar(255) COLLATE utf8_polish_ci DEFAULT NULL,
  `oz29` varchar(255) COLLATE utf8_polish_ci DEFAULT NULL,
  `oz30` varchar(255) COLLATE utf8_polish_ci DEFAULT NULL,
  `oz31` varchar(255) COLLATE utf8_polish_ci DEFAULT NULL,
  `oz32` varchar(255) COLLATE utf8_polish_ci DEFAULT NULL,
  `oz33` varchar(255) COLLATE utf8_polish_ci DEFAULT NULL,
  `oz34` varchar(255) COLLATE utf8_polish_ci DEFAULT NULL,
  `oz35` varchar(255) COLLATE utf8_polish_ci DEFAULT NULL,
  `oz36` varchar(255) COLLATE utf8_polish_ci DEFAULT NULL,
  `oz37` varchar(255) COLLATE utf8_polish_ci DEFAULT NULL,
  `oz38` varchar(255) COLLATE utf8_polish_ci DEFAULT NULL,
  `oz39` varchar(255) COLLATE utf8_polish_ci DEFAULT NULL,
  `oz40` varchar(255) COLLATE utf8_polish_ci DEFAULT NULL,
  `oz41` varchar(255) COLLATE utf8_polish_ci DEFAULT NULL,
  `oz42` varchar(255) COLLATE utf8_polish_ci DEFAULT NULL,
  `oz43` varchar(255) COLLATE utf8_polish_ci DEFAULT NULL,
  `oz44` varchar(255) COLLATE utf8_polish_ci DEFAULT NULL,
  `oz45` varchar(255) COLLATE utf8_polish_ci DEFAULT NULL,
  `oz46` varchar(255) COLLATE utf8_polish_ci DEFAULT NULL,
  `oz47` varchar(255) COLLATE utf8_polish_ci DEFAULT NULL,
  `oz48` varchar(255) COLLATE utf8_polish_ci DEFAULT NULL,
  `oz49` varchar(255) COLLATE utf8_polish_ci DEFAULT NULL,
  `oz50` varchar(255) COLLATE utf8_polish_ci DEFAULT NULL,
  `oz51` varchar(100) COLLATE utf8_polish_ci DEFAULT NULL,
  `oz52` varchar(100) COLLATE utf8_polish_ci DEFAULT NULL,
  `oz53` varchar(100) COLLATE utf8_polish_ci DEFAULT NULL,
  `oz54` varchar(100) COLLATE utf8_polish_ci DEFAULT NULL,
  `oz55` varchar(100) COLLATE utf8_polish_ci DEFAULT NULL,
  `oz56` varchar(100) COLLATE utf8_polish_ci DEFAULT NULL,
  `oz57` varchar(100) COLLATE utf8_polish_ci DEFAULT NULL,
  `oz58` varchar(100) COLLATE utf8_polish_ci DEFAULT NULL,
  `oz59` varchar(100) COLLATE utf8_polish_ci DEFAULT NULL,
  `oz60` varchar(100) COLLATE utf8_polish_ci DEFAULT NULL,
  `oz61` varchar(100) COLLATE utf8_polish_ci DEFAULT NULL,
  `oz62` varchar(100) COLLATE utf8_polish_ci DEFAULT NULL,
  `oz63` varchar(100) COLLATE utf8_polish_ci DEFAULT NULL,
  `oz64` varchar(100) COLLATE utf8_polish_ci DEFAULT NULL,
  `oz65` varchar(100) COLLATE utf8_polish_ci DEFAULT NULL,
  `oz66` varchar(100) COLLATE utf8_polish_ci DEFAULT NULL,
  `oz67` varchar(100) COLLATE utf8_polish_ci DEFAULT NULL,
  `oz68` varchar(100) COLLATE utf8_polish_ci DEFAULT NULL,
  `oz69` varchar(100) COLLATE utf8_polish_ci DEFAULT NULL,
  `oz70` varchar(100) COLLATE utf8_polish_ci DEFAULT NULL,
  `oz71` varchar(100) COLLATE utf8_polish_ci DEFAULT NULL,
  `oz72` varchar(100) COLLATE utf8_polish_ci DEFAULT NULL,
  `oz73` varchar(100) COLLATE utf8_polish_ci DEFAULT NULL,
  `oz74` varchar(100) COLLATE utf8_polish_ci DEFAULT NULL,
  `oz75` varchar(100) COLLATE utf8_polish_ci DEFAULT NULL,
  `oz76` varchar(100) COLLATE utf8_polish_ci DEFAULT NULL,
  `oz77` varchar(100) COLLATE utf8_polish_ci DEFAULT NULL,
  `oz78` varchar(100) COLLATE utf8_polish_ci DEFAULT NULL,
  `oz79` varchar(100) COLLATE utf8_polish_ci DEFAULT NULL,
  `oz80` varchar(100) COLLATE utf8_polish_ci DEFAULT NULL,
  `oz81` varchar(100) COLLATE utf8_polish_ci DEFAULT NULL,
  `oz82` varchar(100) COLLATE utf8_polish_ci DEFAULT NULL,
  `oz83` varchar(100) COLLATE utf8_polish_ci DEFAULT NULL,
  `oz84` varchar(100) COLLATE utf8_polish_ci DEFAULT NULL,
  `oz85` varchar(100) COLLATE utf8_polish_ci DEFAULT NULL,
  `oz86` varchar(100) COLLATE utf8_polish_ci DEFAULT NULL,
  `oz87` varchar(100) COLLATE utf8_polish_ci DEFAULT NULL,
  `oz88` varchar(100) COLLATE utf8_polish_ci DEFAULT NULL,
  `oz89` varchar(100) COLLATE utf8_polish_ci DEFAULT NULL,
  `oz90` varchar(100) COLLATE utf8_polish_ci DEFAULT NULL,
  `oz91` varchar(100) COLLATE utf8_polish_ci DEFAULT NULL,
  `oz92` varchar(100) COLLATE utf8_polish_ci DEFAULT NULL,
  `oz93` varchar(100) COLLATE utf8_polish_ci DEFAULT NULL,
  `oz94` varchar(100) COLLATE utf8_polish_ci DEFAULT NULL,
  `oz95` varchar(100) COLLATE utf8_polish_ci DEFAULT NULL,
  `oz96` varchar(100) COLLATE utf8_polish_ci DEFAULT NULL,
  `oz97` varchar(100) COLLATE utf8_polish_ci DEFAULT NULL,
  `oz98` varchar(100) COLLATE utf8_polish_ci DEFAULT NULL,
  `oz99` varchar(100) COLLATE utf8_polish_ci DEFAULT NULL,
  `oz100` varchar(100) COLLATE utf8_polish_ci DEFAULT NULL,
  PRIMARY KEY (`id`),
  KEY `id_ankieta` (`id_ankieta`),
  KEY `id_pytanie` (`id_pytanie`),
  KEY `id_log` (`id_log`),
  KEY `usunieto` (`usunieto`)
) ENGINE=MyISAM  DEFAULT CHARSET=utf8 COLLATE=utf8_polish_ci AUTO_INCREMENT=105702642 ;

--
-- Zrzut danych tabeli `wynik`
--

INSERT INTO `wynik` (`id`, `id_ankieta`, `id_pytanie`, `id_log`, `nr_zak`, `ile`, `usunieto`, `o1`, `o2`, `o3`, `o4`, `o5`, `o6`, `o7`, `o8`, `o9`, `o10`, `o11`, `o12`, `o13`, `o14`, `o15`, `o16`, `o17`, `o18`, `o19`, `o20`, `o21`, `o22`, `o23`, `o24`, `o25`, `o26`, `o27`, `o28`, `o29`, `o30`, `o31`, `o32`, `o33`, `o34`, `o35`, `o36`, `o37`, `o38`, `o39`, `o40`, `o41`, `o42`, `o43`, `o44`, `o45`, `o46`, `o47`, `o48`, `o49`, `o50`, `o51`, `o52`, `o53`, `o54`, `o55`, `o56`, `o57`, `o58`, `o59`, `o60`, `o61`, `o62`, `o63`, `o64`, `o65`, `o66`, `o67`, `o68`, `o69`, `o70`, `o71`, `o72`, `o73`, `o74`, `o75`, `o76`, `o77`, `o78`, `o79`, `o80`, `o81`, `o82`, `o83`, `o84`, `o85`, `o86`, `o87`, `o88`, `o89`, `o90`, `o91`, `o92`, `o93`, `o94`, `o95`, `o96`, `o97`, `o98`, `o99`, `o100`, `oz1`, `oz2`, `oz3`, `oz4`, `oz5`, `oz6`, `oz7`, `oz8`, `oz9`, `oz10`, `oz11`, `oz12`, `oz13`, `oz14`, `oz15`, `oz16`, `oz17`, `oz18`, `oz19`, `oz20`, `oz21`, `oz22`, `oz23`, `oz24`, `oz25`, `oz26`, `oz27`, `oz28`, `oz29`, `oz30`, `oz31`, `oz32`, `oz33`, `oz34`, `oz35`, `oz36`, `oz37`, `oz38`, `oz39`, `oz40`, `oz41`, `oz42`, `oz43`, `oz44`, `oz45`, `oz46`, `oz47`, `oz48`, `oz49`, `oz50`, `oz51`, `oz52`, `oz53`, `oz54`, `oz55`, `oz56`, `oz57`, `oz58`, `oz59`, `oz60`, `oz61`, `oz62`, `oz63`, `oz64`, `oz65`, `oz66`, `oz67`, `oz68`, `oz69`, `oz70`, `oz71`, `oz72`, `oz73`, `oz74`, `oz75`, `oz76`, `oz77`, `oz78`, `oz79`, `oz80`, `oz81`, `oz82`, `oz83`, `oz84`, `oz85`, `oz86`, `oz87`, `oz88`, `oz89`, `oz90`, `oz91`, `oz92`, `oz93`, `oz94`, `oz95`, `oz96`, `oz97`, `oz98`, `oz99`, `oz100`) VALUES
(1, 1, 1, 1, 0, 0, 0, NULL, NULL, NULL, NULL, NULL, NULL, NULL, NULL, NULL, NULL, NULL, NULL, NULL, NULL, NULL, NULL, NULL, NULL, NULL, NULL, NULL, NULL, NULL, NULL, NULL, NULL, NULL, NULL, NULL, NULL, NULL, NULL, NULL, NULL, NULL, NULL, NULL, NULL, NULL, NULL, NULL, NULL, NULL, NULL, NULL, NULL, NULL, NULL, NULL, NULL, NULL, NULL, NULL, NULL, NULL, NULL, NULL, NULL, NULL, NULL, NULL, NULL, NULL, NULL, NULL, NULL, NULL, NULL, NULL, NULL, NULL, NULL, NULL, NULL, NULL, NULL, NULL, NULL, NULL, NULL, NULL, NULL, NULL, NULL, NULL, NULL, NULL, NULL, NULL, NULL, NULL, NULL, NULL, NULL, NULL, NULL, NULL, NULL, NULL, NULL, NULL, NULL, NULL, NULL, NULL, NULL, NULL, NULL, NULL, NULL, NULL, NULL, NULL, NULL, NULL, NULL, NULL, NULL, NULL, NULL, NULL, NULL, NULL, NULL, NULL, NULL, NULL, NULL, NULL, NULL, NULL, NULL, NULL, NULL, NULL, NULL, NULL, NULL, NULL, NULL, NULL, NULL, NULL, NULL, NULL, NULL, NULL, NULL, NULL, NULL, NULL, NULL, NULL, NULL, NULL, NULL, NULL, NULL, NULL, NULL, NULL, NULL, NULL, NULL, NULL, NULL, NULL, NULL, NULL, NULL, NULL, NULL, NULL, NULL, NULL, NULL, NULL, NULL, NULL, NULL, NULL, NULL, NULL, NULL, NULL, NULL, NULL, NULL, NULL, NULL, NULL, NULL, NULL, NULL, NULL, NULL, NULL, NULL, NULL, NULL),
(2, 2, 2, 2, 0, 0, 0, NULL, NULL, NULL, NULL, NULL, NULL, NULL, NULL, NULL, NULL, NULL, NULL, NULL, NULL, NULL, NULL, NULL, NULL, NULL, NULL, NULL, NULL, NULL, NULL, NULL, NULL, NULL, NULL, NULL, NULL, NULL, NULL, NULL, NULL, NULL, NULL, NULL, NULL, NULL, NULL, NULL, NULL, NULL, NULL, NULL, NULL, NULL, NULL, NULL, NULL, NULL, NULL, NULL, NULL, NULL, NULL, NULL, NULL, NULL, NULL, NULL, NULL, NULL, NULL, NULL, NULL, NULL, NULL, NULL, NULL, NULL, NULL, NULL, NULL, NULL, NULL, NULL, NULL, NULL, NULL, NULL, NULL, NULL, NULL, NULL, NULL, NULL, NULL, NULL, NULL, NULL, NULL, NULL, NULL, NULL, NULL, NULL, NULL, NULL, NULL, NULL, NULL, NULL, NULL, NULL, NULL, NULL, NULL, NULL, NULL, NULL, NULL, NULL, NULL, NULL, NULL, NULL, NULL, NULL, NULL, NULL, NULL, NULL, NULL, NULL, NULL, NULL, NULL, NULL, NULL, NULL, NULL, NULL, NULL, NULL, NULL, NULL, NULL, NULL, NULL, NULL, NULL, NULL, NULL, NULL, NULL, NULL, NULL, NULL, NULL, NULL, NULL, NULL, NULL, NULL, NULL, NULL, NULL, NULL, NULL, NULL, NULL, NULL, NULL, NULL, NULL, NULL, NULL, NULL, NULL, NULL, NULL, NULL, NULL, NULL, NULL, NULL, NULL, NULL, NULL, NULL, NULL, NULL, NULL, NULL, NULL, NULL, NULL, NULL, NULL, NULL, NULL, NULL, NULL, NULL, NULL, NULL, NULL, NULL, NULL),
(3, 2, 3, 2, 0, 0, 0, NULL, NULL, NULL, NULL, NULL, NULL, NULL, NULL, NULL, NULL, NULL, NULL, NULL, NULL, NULL, NULL, NULL, NULL, NULL, NULL, NULL, NULL, NULL, NULL, NULL, NULL, NULL, NULL, NULL, NULL, NULL, NULL, NULL, NULL, NULL, NULL, NULL, NULL, NULL, NULL, NULL, NULL, NULL, NULL, NULL, NULL, NULL, NULL, NULL, NULL, NULL, NULL, NULL, NULL, NULL, NULL, NULL, NULL, NULL, NULL, NULL, NULL, NULL, NULL, NULL, NULL, NULL, NULL, NULL, NULL, NULL, NULL, NULL, NULL, NULL, NULL, NULL, NULL, NULL, NULL, NULL, NULL, NULL, NULL, NULL, NULL, NULL, NULL, NULL, NULL, NULL, NULL, NULL, NULL, NULL, NULL, NULL, NULL, NULL, NULL, NULL, NULL, NULL, NULL, NULL, NULL, NULL, NULL, NULL, NULL, NULL, NULL, NULL, NULL, NULL, NULL, NULL, NULL, NULL, NULL, NULL, NULL, NULL, NULL, NULL, NULL, NULL, NULL, NULL, NULL, NULL, NULL, NULL, NULL, NULL, NULL, NULL, NULL, NULL, NULL, NULL, NULL, NULL, NULL, NULL, NULL, NULL, NULL, NULL, NULL, NULL, NULL, NULL, NULL, NULL, NULL, NULL, NULL, NULL, NULL, NULL, NULL, NULL, NULL, NULL, NULL, NULL, NULL, NULL, NULL, NULL, NULL, NULL, NULL, NULL, NULL, NULL, NULL, NULL, NULL, NULL, NULL, NULL, NULL, NULL, NULL, NULL, NULL, NULL, NULL, NULL, NULL, NULL, NULL, NULL, NULL, NULL, NULL, NULL, NULL),
(4, 2, 2, 3, 0, 0, 0, NULL, NULL, NULL, NULL, NULL, NULL, NULL, NULL, NULL, NULL, NULL, NULL, NULL, NULL, NULL, NULL, NULL, NULL, NULL, NULL, NULL, NULL, NULL, NULL, NULL, NULL, NULL, NULL, NULL, NULL, NULL, NULL, NULL, NULL, NULL, NULL, NULL, NULL, NULL, NULL, NULL, NULL, NULL, NULL, NULL, NULL, NULL, NULL, NULL, NULL, NULL, NULL, NULL, NULL, NULL, NULL, NULL, NULL, NULL, NULL, NULL, NULL, NULL, NULL, NULL, NULL, NULL, NULL, NULL, NULL, NULL, NULL, NULL, NULL, NULL, NULL, NULL, NULL, NULL, NULL, NULL, NULL, NULL, NULL, NULL, NULL, NULL, NULL, NULL, NULL, NULL, NULL, NULL, NULL, NULL, NULL, NULL, NULL, NULL, NULL, NULL, NULL, NULL, NULL, NULL, NULL, NULL, NULL, NULL, NULL, NULL, NULL, NULL, NULL, NULL, NULL, NULL, NULL, NULL, NULL, NULL, NULL, NULL, NULL, NULL, NULL, NULL, NULL, NULL, NULL, NULL, NULL, NULL, NULL, NULL, NULL, NULL, NULL, NULL, NULL, NULL, NULL, NULL, NULL, NULL, NULL, NULL, NULL, NULL, NULL, NULL, NULL, NULL, NULL, NULL, NULL, NULL, NULL, NULL, NULL, NULL, NULL, NULL, NULL, NULL, NULL, NULL, NULL, NULL, NULL, NULL, NULL, NULL, NULL, NULL, NULL, NULL, NULL, NULL, NULL, NULL, NULL, NULL, NULL, NULL, NULL, NULL, NULL, NULL, NULL, NULL, NULL, NULL, NULL, NULL, NULL, NULL, NULL, NULL, NULL),
(5, 2, 3, 3, 0, 0, 0, NULL, NULL, NULL, NULL, NULL, NULL, NULL, NULL, NULL, NULL, NULL, NULL, NULL, NULL, NULL, NULL, NULL, NULL, NULL, NULL, NULL, NULL, NULL, NULL, NULL, NULL, NULL, NULL, NULL, NULL, NULL, NULL, NULL, NULL, NULL, NULL, NULL, NULL, NULL, NULL, NULL, NULL, NULL, NULL, NULL, NULL, NULL, NULL, NULL, NULL, NULL, NULL, NULL, NULL, NULL, NULL, NULL, NULL, NULL, NULL, NULL, NULL, NULL, NULL, NULL, NULL, NULL, NULL, NULL, NULL, NULL, NULL, NULL, NULL, NULL, NULL, NULL, NULL, NULL, NULL, NULL, NULL, NULL, NULL, NULL, NULL, NULL, NULL, NULL, NULL, NULL, NULL, NULL, NULL, NULL, NULL, NULL, NULL, NULL, NULL, NULL, NULL, NULL, NULL, NULL, NULL, NULL, NULL, NULL, NULL, NULL, NULL, NULL, NULL, NULL, NULL, NULL, NULL, NULL, NULL, NULL, NULL, NULL, NULL, NULL, NULL, NULL, NULL, NULL, NULL, NULL, NULL, NULL, NULL, NULL, NULL, NULL, NULL, NULL, NULL, NULL, NULL, NULL, NULL, NULL, NULL, NULL, NULL, NULL, NULL, NULL, NULL, NULL, NULL, NULL, NULL, NULL, NULL, NULL, NULL, NULL, NULL, NULL, NULL, NULL, NULL, NULL, NULL, NULL, NULL, NULL, NULL, NULL, NULL, NULL, NULL, NULL, NULL, NULL, NULL, NULL, NULL, NULL, NULL, NULL, NULL, NULL, NULL, NULL, NULL, NULL, NULL, NULL, NULL, NULL, NULL, NULL, NULL, NULL, NULL);

/*!40101 SET CHARACTER_SET_CLIENT=@OLD_CHARACTER_SET_CLIENT */;
/*!40101 SET CHARACTER_SET_RESULTS=@OLD_CHARACTER_SET_RESULTS */;
/*!40101 SET COLLATION_CONNECTION=@OLD_COLLATION_CONNECTION */;
